Designator,Val,Package,Mid X,Mid Y,Rotation,Layer
BZ1,HNB09A03,BUZ-TH_BD9.0-P5.00-D0.6-FD,135.95,-94.95,90,top
C1,22uF,C_0402_1005Metric,160.325,-85.3,180,top
C2,100nF,C_0402_1005Metric,139.1,-82.88,90,top
C3,100nF,C_0402_1005Metric,158.78,-83.6,180,top
C4,100nF,C_0402_1005Metric,160.325,-86.5,180,top
C5,100nF,C_0402_1005Metric,128.275,-99.1,180,top
C6,4.7uF,C_0402_1005Metric,128.275,-98,180,top
C7,10uF,C_0402_1005Metric,116.95,-87.4,0,top
C8,10uF,C_0402_1005Metric,116.95,-85.1,0,top
C9,100nF,C_0402_1005Metric,116.331029,-96.52,-90,top
D1,RED,LED_0603_1608Metric,131.125,-82.5,0,top
D2,GREEN,LED_0603_1608Metric,131.125,-84.5,0,top
D3,GREEN,LED_0603_1608Metric,131.125,-86.5,0,top
D4,LESD5D5.0CT1G,TVS_LESD5D5.0CT1G,114.9,-96.52,90,top
D5,LESD5D5.0CT1G,TVS_LESD5D5.0CT1G,116.325,-101.6,-90,top
D6,1N5819WS,D_SOD-323,119.55,-92.575,-90,top
D7,LESD5D5.0CT1G,TVS_LESD5D5.0CT1G,116.325,-98.95,90,top
J1,RC522,PinSocket_1x08_P2.54mm_Vertical,128.55,-111.6,0,top
J3,1050170001,MOLEX_1050170001,111.5,-100.6,-90,top
Q1,SS8050-G,SOT-23,119.475,-106.3,0,top
Q2,SS8050-G,SOT-23,128.275,-106.3,180,top
R1,10K,R_0402_1005Metric,158.78,-82.4,0,top
R2,330,R_0603_1608Metric,134.525,-82.5,0,top
R3,330,R_0603_1608Metric,134.525,-84.5,0,top
R4,10K,R_0402_1005Metric,151.9,-82.91,90,top
R5,22.1K,R_0402_1005Metric,125.975,-95.79,90,top
R6,47.5K,R_0402_1005Metric,124.875,-95.79,-90,top
R7,1K,R_0402_1005Metric,123.775,-95.79,90,top
R8,10K,R_0402_1005Metric,122.675,-95.79,90,top
R9,10K,R_0402_1005Metric,122.375,-106.3,90,top
R10,10K,R_0402_1005Metric,125.375,-106.3,90,top
R11,0R,R_0402_1005Metric,135.05,-103.7,180,top
R12,0R,R_0402_1005Metric,135.05,-102.3,180,top
R13,1K,R_0603_1608Metric,134.525,-86.5,0,top
R14,10K,R_0603_1608Metric,122.225,-91.5,180,top
SW1,SW_SPST,SW_SPST_B3U-1000P-B,142.2,-82.4,180,top
SW2,SW_SPST,SW_SPST_B3U-1000P-B,155.2,-82.4,0,top
SW3,SW_SPST,SW_SPST_B3U-1000P-B,148.7,-82.4,0,top
U1,ESP32-WROOM-32E-N8,ESP32­WROOM­32E_EXP,151.89,-97.1,180,top
U2,CP2102N-A02-GQFN28R,IC_CP2102N-A02-GQFN28R,123.875,-100.6,180,top
U3,AMS1117,SOT-223-3_TabPin2,122.7,-85.1,180,top
U4,SI2301,SOT-23_MCC,116.15,-92.575,0,top
